{
  "project_info": {
    "project_number": "912762347239",
    "project_id": "periodapp-7f9d0",
    "storage_bucket": "periodapp-7f9d0.appspot.com"
  },
  "client": [
    {
      "client_info": {
        "mobilesdk_app_id": "1:912762347239:android:e6d85aa9caf58788f34c42",
        "android_client_info": {
          "package_name": "com.example.periodapp"
        }
      },
      "oauth_client": [
        {
          "client_id": "912762347239-f4lt7jtg8dqlr5hq53lr51g4evpte3un.apps.googleusercontent.com",
          "client_type": 3
        }
      ],
      "api_key": [
        {
          "current_key": "AIzaSyAoZkVWm6i4wcjIM2DgFawKc8jKEgdaiCs"
        }
      ],
      "services": {
        "appinvite_service": {
          "other_platform_oauth_client": [
            {
              "client_id": "912762347239-f4lt7jtg8dqlr5hq53lr51g4evpte3un.apps.googleusercontent.com",
              "client_type": 3
            }
          ]
        }
      }
    }
  ],
  "configuration_version": "1"
}